study_name,instrument_name,question_name,concept_name
soep-core,soep-core-2016-hh,0,hnr
soep-core,soep-core-2016-hh,0,name
soep-core,soep-core-2016-hh,0,pnr
soep-core,soep-core-2016-hh,1,hwsit
soep-core,soep-core-2016-hh,2,hwm
soep-core,soep-core-2016-hh,2,hwj
soep-core,soep-core-2016-hh,3,hwohn08
soep-core,soep-core-2016-hh,4,hhtyp
soep-core,soep-core-2016-hh,5,hwohn9
soep-core,soep-core-2016-hh,6,howhn09a
soep-core,soep-core-2016-hh,6,hbauj
soep-core,soep-core-2016-hh,7,hheim
soep-core,soep-core-2016-hh,7,hheimso
soep-core,soep-core-2016-hh,8,humb
soep-core,soep-core-2016-hh,9,hqm
soep-core,soep-core-2016-hh,10,hraum
soep-core,soep-core-2016-hh,11,hgr
soep-core,soep-core-2016-hh,12,hwohn24
soep-core,soep-core-2016-hh,12,hwohn21
soep-core,soep-core-2016-hh,12,hwohn15
soep-core,soep-core-2016-hh,12,hwohn17
soep-core,soep-core-2016-hh,12,hwohn18
soep-core,soep-core-2016-hh,12,hwohn19
soep-core,soep-core-2016-hh,12,hwohn20
soep-core,soep-core-2016-hh,12,hwohn22
soep-core,soep-core-2016-hh,12,hwohn26
soep-core,soep-core-2016-hh,12,hwohn27
soep-core,soep-core-2016-hh,12,hwohn23
soep-core,soep-core-2016-hh,12,hwohn16
soep-core,soep-core-2016-hh,12,hwohn28
soep-core,soep-core-2016-hh,13,hew1
soep-core,soep-core-2016-hh,14,hew2
soep-core,soep-core-2016-hh,14,hew3
soep-core,soep-core-2016-hh,14,hew4
soep-core,soep-core-2016-hh,15,hm01
soep-core,soep-core-2016-hh,16,he01
soep-core,soep-core-2016-hh,17,he02
soep-core,soep-core-2016-hh,18,hepz1
soep-core,soep-core-2016-hh,19,hepz2
soep-core,soep-core-2016-hh,20,he17
soep-core,soep-core-2016-hh,21,he18
soep-core,soep-core-2016-hh,22,hegs
soep-core,soep-core-2016-hh,22,hegsno
soep-core,soep-core-2016-hh,23,he04
soep-core,soep-core-2016-hh,23,he04no
soep-core,soep-core-2016-hh,24,he16
soep-core,soep-core-2016-hh,24,he16no
soep-core,soep-core-2016-hh,25,he05
soep-core,soep-core-2016-hh,25,he05no
soep-core,soep-core-2016-hh,26,hsolst
soep-core,soep-core-2016-hh,27,hsolst3
soep-core,soep-core-2016-hh,27,hsolst4
soep-core,soep-core-2016-hh,28,hsolw
soep-core,soep-core-2016-hh,29,hsolw1
soep-core,soep-core-2016-hh,29,hsolw2
soep-core,soep-core-2016-hh,30,htzbel
soep-core,soep-core-2016-hh,31,hm03
soep-core,soep-core-2016-hh,32,hm02
soep-core,soep-core-2016-hh,33,hm13
soep-core,soep-core-2016-hh,34,hm04
soep-core,soep-core-2016-hh,34,hm04
soep-core,soep-core-2016-hh,34,hm05
soep-core,soep-core-2016-hh,35,hheizink
soep-core,soep-core-2016-hh,36,hm07
soep-core,soep-core-2016-hh,36,hm08
soep-core,soep-core-2016-hh,37,hstrink
soep-core,soep-core-2016-hh,38,hm14
soep-core,soep-core-2016-hh,38,hm15
soep-core,soep-core-2016-hh,39,hnebink
soep-core,soep-core-2016-hh,40,hm10
soep-core,soep-core-2016-hh,40,hm11
soep-core,soep-core-2016-hh,41,hwkbel
soep-core,soep-core-2016-hh,42,h2wohn1
soep-core,soep-core-2016-hh,43,h2wplz1
soep-core,soep-core-2016-hh,43,h2wplz2
soep-core,soep-core-2016-hh,43,h2wplz3
soep-core,soep-core-2016-hh,43,h2wplz4
soep-core,soep-core-2016-hh,44,h2wohn3
soep-core,soep-core-2016-hh,45,hverm1
soep-core,soep-core-2016-hh,46,hverm2
soep-core,soep-core-2016-hh,47,hverm3a
soep-core,soep-core-2016-hh,48,hverm3
soep-core,soep-core-2016-hh,49,hverm4a
soep-core,soep-core-2016-hh,50,hverm4
soep-core,soep-core-2016-hh,51,hverm5
soep-core,soep-core-2016-hh,52,hverm6
soep-core,soep-core-2016-hh,53,hkred1
soep-core,soep-core-2016-hh,54,hkred2
soep-core,soep-core-2016-hh,55,hkred3
soep-core,soep-core-2016-hh,56,hvw1
soep-core,soep-core-2016-hh,57,hvw1a
soep-core,soep-core-2016-hh,58,hvw2
soep-core,soep-core-2016-hh,59,hvw2a
soep-core,soep-core-2016-hh,60,hvw3
soep-core,soep-core-2016-hh,61,hvw3a
soep-core,soep-core-2016-hh,62,hwa1
soep-core,soep-core-2016-hh,62,hwa2
soep-core,soep-core-2016-hh,62,hwa3
soep-core,soep-core-2016-hh,62,hwa4
soep-core,soep-core-2016-hh,62,hwa5
soep-core,soep-core-2016-hh,62,hwa6
soep-core,soep-core-2016-hh,62,hwa7
soep-core,soep-core-2016-hh,63,hwa8
soep-core,soep-core-2016-hh,63,hwa9
soep-core,soep-core-2016-hh,64,hzins1
soep-core,soep-core-2016-hh,64,hzinswn
soep-core,soep-core-2016-hh,65,hzins2
soep-core,soep-core-2016-hh,66,hlkg1
soep-core,soep-core-2016-hh,66,hlkg2
soep-core,soep-core-2016-hh,66,hlkg3
soep-core,soep-core-2016-hh,66,hlkz1
soep-core,soep-core-2016-hh,66,hlkz2
soep-core,soep-core-2016-hh,66,hlkz3
soep-core,soep-core-2016-hh,66,hlbg1
soep-core,soep-core-2016-hh,66,hlbg2
soep-core,soep-core-2016-hh,66,hlbg3
soep-core,soep-core-2016-hh,66,hlag1
soep-core,soep-core-2016-hh,66,hlag2
soep-core,soep-core-2016-hh,66,hlag3
soep-core,soep-core-2016-hh,66,hlpg1
soep-core,soep-core-2016-hh,66,hlpg2
soep-core,soep-core-2016-hh,66,hlpg3
soep-core,soep-core-2016-hh,66,hlsh1
soep-core,soep-core-2016-hh,66,hlsh2
soep-core,soep-core-2016-hh,66,hlsh3
soep-core,soep-core-2016-hh,66,hlgs1
soep-core,soep-core-2016-hh,66,hlgs2
soep-core,soep-core-2016-hh,66,hlgs3
soep-core,soep-core-2016-hh,66,hlwg1
soep-core,soep-core-2016-hh,66,hlwg2
soep-core,soep-core-2016-hh,66,hlwg3
soep-core,soep-core-2016-hh,67,hdkg1
soep-core,soep-core-2016-hh,67,hdkg2
soep-core,soep-core-2016-hh,67,hdkg3
soep-core,soep-core-2016-hh,67,hdkz1
soep-core,soep-core-2016-hh,67,hdkz2
soep-core,soep-core-2016-hh,67,hdbg1
soep-core,soep-core-2016-hh,67,hdbg2
soep-core,soep-core-2016-hh,67,hdag1
soep-core,soep-core-2016-hh,67,hdag2
soep-core,soep-core-2016-hh,67,hdpg1
soep-core,soep-core-2016-hh,67,hdpg2
soep-core,soep-core-2016-hh,67,hdsh1
soep-core,soep-core-2016-hh,67,hdsh2
soep-core,soep-core-2016-hh,67,hdgs1
soep-core,soep-core-2016-hh,67,hdgs2
soep-core,soep-core-2016-hh,67,hdwg1
soep-core,soep-core-2016-hh,67,hdwg2
soep-core,soep-core-2016-hh,68,hnetto
soep-core,soep-core-2016-hh,69,hspar1a
soep-core,soep-core-2016-hh,69,hspar2a
soep-core,soep-core-2016-hh,69,hspar1b
soep-core,soep-core-2016-hh,69,hspar2b
soep-core,soep-core-2016-hh,69,hspar1
soep-core,soep-core-2016-hh,70,hspar3
soep-core,soep-core-2016-hh,70,hspar4
soep-core,soep-core-2016-hh,70,hspar5
soep-core,soep-core-2016-hh,70,hspar6
soep-core,soep-core-2016-hh,70,hspar7
soep-core,soep-core-2016-hh,70,hspar8
soep-core,soep-core-2016-hh,71,hlmk1
soep-core,soep-core-2016-hh,71,hlmk2
soep-core,soep-core-2016-hh,72,hputz
soep-core,soep-core-2016-hh,73,hputz2
soep-core,soep-core-2016-hh,74,hh11
soep-core,soep-core-2016-hh,74,hh03
soep-core,soep-core-2016-hh,74,hh07
soep-core,soep-core-2016-hh,74,hh08
soep-core,soep-core-2016-hh,74,hh09
soep-core,soep-core-2016-hh,74,hh10
soep-core,soep-core-2016-hh,74,hh14
soep-core,soep-core-2016-hh,74,hh04
soep-core,soep-core-2016-hh,74,hh15
soep-core,soep-core-2016-hh,74,hh16
soep-core,soep-core-2016-hh,74,hh17
soep-core,soep-core-2016-hh,74,hh18
soep-core,soep-core-2016-hh,74,hh11a
soep-core,soep-core-2016-hh,74,hh03a
soep-core,soep-core-2016-hh,74,hh07a
soep-core,soep-core-2016-hh,74,hh08a
soep-core,soep-core-2016-hh,74,hh09a
soep-core,soep-core-2016-hh,74,hh10a
soep-core,soep-core-2016-hh,74,hh14a
soep-core,soep-core-2016-hh,74,hh04a
soep-core,soep-core-2016-hh,74,hh15a
soep-core,soep-core-2016-hh,74,hh16a
soep-core,soep-core-2016-hh,74,hh17a
soep-core,soep-core-2016-hh,74,hh18a
soep-core,soep-core-2016-hh,75,hbuch
soep-core,soep-core-2016-hh,76,htier
soep-core,soep-core-2016-hh,77,htier1
soep-core,soep-core-2016-hh,77,htier2
soep-core,soep-core-2016-hh,77,htier8
soep-core,soep-core-2016-hh,77,htier9
soep-core,soep-core-2016-hh,77,htier3
soep-core,soep-core-2016-hh,77,htier4
soep-core,soep-core-2016-hh,77,htier5
soep-core,soep-core-2016-hh,77,htier6
soep-core,soep-core-2016-hh,78,hpfleg
soep-core,soep-core-2016-hh,79,hpflanz
soep-core,soep-core-2016-hh,80,hpnam
soep-core,soep-core-2016-hh,80,hhil1
soep-core,soep-core-2016-hh,80,hhil2
soep-core,soep-core-2016-hh,80,hhil3
soep-core,soep-core-2016-hh,80,hhil4
soep-core,soep-core-2016-hh,81,hpl
soep-core,soep-core-2016-hh,82,hpstuf
soep-core,soep-core-2016-hh,83,hpallko
soep-core,soep-core-2016-hh,84,hhvon1
soep-core,soep-core-2016-hh,84,hhvon7
soep-core,soep-core-2016-hh,84,hhvon3
soep-core,soep-core-2016-hh,84,hhvon9
soep-core,soep-core-2016-hh,84,hhvon6
soep-core,soep-core-2016-hh,84,hhvon8
soep-core,soep-core-2016-hh,84,hhnam
soep-core,soep-core-2016-hh,85,hhbez
soep-core,soep-core-2016-hh,86,hpfleg4
soep-core,soep-core-2016-hh,86,hpfleg5
soep-core,soep-core-2016-hh,87,hkind
soep-core,soep-core-2016-hh,88,hknama
soep-core,soep-core-2016-hh,88,hkgeba
soep-core,soep-core-2016-hh,89,hschnoa
soep-core,soep-core-2016-hh,89,hein3a
soep-core,soep-core-2016-hh,90,hschspa
soep-core,soep-core-2016-hh,91,hein9a
soep-core,soep-core-2016-hh,92,hakt06a
soep-core,soep-core-2016-hh,92,hakt07a
soep-core,soep-core-2016-hh,92,hakt08a
soep-core,soep-core-2016-hh,92,hakt09a
soep-core,soep-core-2016-hh,92,hakt10a
soep-core,soep-core-2016-hh,92,hakt20a
soep-core,soep-core-2016-hh,92,hakt11a
soep-core,soep-core-2016-hh,92,hakt12a
soep-core,soep-core-2016-hh,92,hakt13a
soep-core,soep-core-2016-hh,92,hakt14a
soep-core,soep-core-2016-hh,92,hakt15a
soep-core,soep-core-2016-hh,92,hakt16a
soep-core,soep-core-2016-hh,92,hakt17a
soep-core,soep-core-2016-hh,93,hakt01a
soep-core,soep-core-2016-hh,93,hakt02a
soep-core,soep-core-2016-hh,93,hakt03a
soep-core,soep-core-2016-hh,93,hakt04a
soep-core,soep-core-2016-hh,93,hakt05a
soep-core,soep-core-2016-hh,94,hein1a
soep-core,soep-core-2016-hh,94,hein1sa
soep-core,soep-core-2016-hh,95,hbet5a
soep-core,soep-core-2016-hh,95,hbet3a
soep-core,soep-core-2016-hh,95,hbet1a
soep-core,soep-core-2016-hh,95,hbet2a
soep-core,soep-core-2016-hh,95,hbet4a
soep-core,soep-core-2016-hh,96,hakt18a
soep-core,soep-core-2016-hh,96,hakt19a
soep-core,soep-core-2016-hh,97,hnet1ka
soep-core,soep-core-2016-hh,97,hnet2ka
soep-core,soep-core-2016-hh,A,hdatt
soep-core,soep-core-2016-hh,A,hdatm
soep-core,soep-core-2016-hh,A,hdatst
soep-core,soep-core-2016-hh,A,hdatmi
soep-core,soep-core-2016-hh,B,hform
soep-core,soep-core-2016-hh,C,hdauer1
soep-core,soep-core-2016-hh,C,hdauer2
soep-core,soep-core-2016-hh,D,htextp
soep-core,soep-core-2016-hh,D,listnr
soep-core,soep-core-2016-hh,D,lfdnr
soep-core,soep-core-2016-hh,D,hintnr
soep-core,soep-core-2015-hh,0,hnr
soep-core,soep-core-2015-hh,0,name
soep-core,soep-core-2015-hh,0,pnr
soep-core,soep-core-2015-hh,1,hwsit
soep-core,soep-core-2015-hh,2,hwm
soep-core,soep-core-2015-hh,2,hwj
soep-core,soep-core-2015-hh,3,humz01
soep-core,soep-core-2015-hh,3,humz18
soep-core,soep-core-2015-hh,3,humz02
soep-core,soep-core-2015-hh,3,humz03
soep-core,soep-core-2015-hh,3,humz07
soep-core,soep-core-2015-hh,3,humz04
soep-core,soep-core-2015-hh,3,humz19
soep-core,soep-core-2015-hh,3,humz05
soep-core,soep-core-2015-hh,3,humz06
soep-core,soep-core-2015-hh,3,humz08
soep-core,soep-core-2015-hh,3,humz09
soep-core,soep-core-2015-hh,3,humz10
soep-core,soep-core-2015-hh,3,humz11
soep-core,soep-core-2015-hh,3,humz12
soep-core,soep-core-2015-hh,3,humz13
soep-core,soep-core-2015-hh,3,humz16
soep-core,soep-core-2015-hh,3,humz14
soep-core,soep-core-2015-hh,3,humz17
soep-core,soep-core-2015-hh,3,humz15
soep-core,soep-core-2015-hh,3,humzso
soep-core,soep-core-2015-hh,4,hwohn01
soep-core,soep-core-2015-hh,4,hwohn02
soep-core,soep-core-2015-hh,4,hwohn03
soep-core,soep-core-2015-hh,4,hwohn04
soep-core,soep-core-2015-hh,4,hwohn05
soep-core,soep-core-2015-hh,4,hwohn06
soep-core,soep-core-2015-hh,4,hwohn07
soep-core,soep-core-2015-hh,4,hwohn25
soep-core,soep-core-2015-hh,5,hwohn08
soep-core,soep-core-2015-hh,6,hhtyp
soep-core,soep-core-2015-hh,7,hwohn9
soep-core,soep-core-2015-hh,7,howhn09a
soep-core,soep-core-2015-hh,8,hheim
soep-core,soep-core-2015-hh,8,hheimso
soep-core,soep-core-2015-hh,9,hm03
soep-core,soep-core-2015-hh,10,humb
soep-core,soep-core-2015-hh,11,hqm
soep-core,soep-core-2015-hh,12,hraum
soep-core,soep-core-2015-hh,13,hgr
soep-core,soep-core-2015-hh,14,hzus
soep-core,soep-core-2015-hh,15,hbau1
soep-core,soep-core-2015-hh,15,hbau2
soep-core,soep-core-2015-hh,15,hbau3
soep-core,soep-core-2015-hh,15,hbau4
soep-core,soep-core-2015-hh,15,hbau9
soep-core,soep-core-2015-hh,15,hbau10
soep-core,soep-core-2015-hh,15,hbau5
soep-core,soep-core-2015-hh,15,hbau6
soep-core,soep-core-2015-hh,16,hbau7
soep-core,soep-core-2015-hh,17,hbau8
soep-core,soep-core-2015-hh,18,hbau11
soep-core,soep-core-2015-hh,19,hbau12
soep-core,soep-core-2015-hh,19,hbau13
soep-core,soep-core-2015-hh,20,hwohn24
soep-core,soep-core-2015-hh,20,hwohn21
soep-core,soep-core-2015-hh,20,hwohn15
soep-core,soep-core-2015-hh,20,hwohn17
soep-core,soep-core-2015-hh,20,hwohn18
soep-core,soep-core-2015-hh,20,hwohn19
soep-core,soep-core-2015-hh,20,hwohn20
soep-core,soep-core-2015-hh,20,hwohn22
soep-core,soep-core-2015-hh,20,hwohn26
soep-core,soep-core-2015-hh,20,hwohn27
soep-core,soep-core-2015-hh,20,hwohn23
soep-core,soep-core-2015-hh,20,hwohn16
soep-core,soep-core-2015-hh,20,hwohn28
soep-core,soep-core-2015-hh,21,hew1
soep-core,soep-core-2015-hh,22,hew2
soep-core,soep-core-2015-hh,22,hew3
soep-core,soep-core-2015-hh,22,hew4
soep-core,soep-core-2015-hh,23,hm01
soep-core,soep-core-2015-hh,24,he01
soep-core,soep-core-2015-hh,25,he02
soep-core,soep-core-2015-hh,26,he03
soep-core,soep-core-2015-hh,27,hsolt
soep-core,soep-core-2015-hh,28,hsolt1
soep-core,soep-core-2015-hh,28,hsolt2
soep-core,soep-core-2015-hh,29,hsolt3
soep-core,soep-core-2015-hh,29,hsolt4
soep-core,soep-core-2015-hh,30,hsolw
soep-core,soep-core-2015-hh,31,hsolw1
soep-core,soep-core-2015-hh,31,hsolw2
soep-core,soep-core-2015-hh,32,hm02
soep-core,soep-core-2015-hh,33,hm13
soep-core,soep-core-2015-hh,34,hm04
soep-core,soep-core-2015-hh,34,hm05
soep-core,soep-core-2015-hh,35,hfwheiz
soep-core,soep-core-2015-hh,35,hfwww
soep-core,soep-core-2015-hh,35,hfwm
soep-core,soep-core-2015-hh,35,hfwj
soep-core,soep-core-2015-hh,35,hgasheiz
soep-core,soep-core-2015-hh,35,hgasww
soep-core,soep-core-2015-hh,35,hgaskoch
soep-core,soep-core-2015-hh,35,hgasm
soep-core,soep-core-2015-hh,35,hgasj
soep-core,soep-core-2015-hh,35,hfgheiz
soep-core,soep-core-2015-hh,35,hfgww
soep-core,soep-core-2015-hh,35,hfgkoch
soep-core,soep-core-2015-hh,35,hfgm
soep-core,soep-core-2015-hh,35,hfgj
soep-core,soep-core-2015-hh,35,hstrheiz
soep-core,soep-core-2015-hh,35,hstrww
soep-core,soep-core-2015-hh,35,hstrkoch
soep-core,soep-core-2015-hh,35,hstrlich
soep-core,soep-core-2015-hh,35,hstrm
soep-core,soep-core-2015-hh,35,hstrj
soep-core,soep-core-2015-hh,35,hoelheiz
soep-core,soep-core-2015-hh,35,hoelww
soep-core,soep-core-2015-hh,35,hoelkoch
soep-core,soep-core-2015-hh,35,hoelm
soep-core,soep-core-2015-hh,35,hoelj
soep-core,soep-core-2015-hh,35,hkohheiz
soep-core,soep-core-2015-hh,35,hkohww
soep-core,soep-core-2015-hh,35,hkohkoch
soep-core,soep-core-2015-hh,35,hkohm
soep-core,soep-core-2015-hh,35,hkohj
soep-core,soep-core-2015-hh,35,hholheiz
soep-core,soep-core-2015-hh,35,hholww
soep-core,soep-core-2015-hh,35,hholkoch
soep-core,soep-core-2015-hh,35,hholm
soep-core,soep-core-2015-hh,35,hholj
soep-core,soep-core-2015-hh,35,hbioheiz
soep-core,soep-core-2015-hh,35,hbioww
soep-core,soep-core-2015-hh,35,hbiom
soep-core,soep-core-2015-hh,35,hbioj
soep-core,soep-core-2015-hh,35,hsolheiz
soep-core,soep-core-2015-hh,35,hsolww
soep-core,soep-core-2015-hh,35,herdheiz
soep-core,soep-core-2015-hh,35,herdww
soep-core,soep-core-2015-hh,36,hnebk
soep-core,soep-core-2015-hh,36,hnebkm
soep-core,soep-core-2015-hh,36,hnebkj
soep-core,soep-core-2015-hh,37,hverm1
soep-core,soep-core-2015-hh,38,hverm2
soep-core,soep-core-2015-hh,39,hverm3
soep-core,soep-core-2015-hh,39,hverm4
soep-core,soep-core-2015-hh,40,hverm5
soep-core,soep-core-2015-hh,40,hverm6
soep-core,soep-core-2015-hh,41,hkred1
soep-core,soep-core-2015-hh,42,hkred2
soep-core,soep-core-2015-hh,43,hkred3
soep-core,soep-core-2015-hh,44,hwa1
soep-core,soep-core-2015-hh,44,hwa2
soep-core,soep-core-2015-hh,44,hwa3
soep-core,soep-core-2015-hh,44,hwa4
soep-core,soep-core-2015-hh,44,hwa5
soep-core,soep-core-2015-hh,44,hwa6
soep-core,soep-core-2015-hh,44,hwa7
soep-core,soep-core-2015-hh,44,hwa8
soep-core,soep-core-2015-hh,44,hwa9
soep-core,soep-core-2015-hh,45,hzins1
soep-core,soep-core-2015-hh,45,hzins2
soep-core,soep-core-2015-hh,46,hlos1
soep-core,soep-core-2015-hh,46,hlos2
soep-core,soep-core-2015-hh,46,hlos3
soep-core,soep-core-2015-hh,46,hlos4
soep-core,soep-core-2015-hh,47,hlos5
soep-core,soep-core-2015-hh,48,hlkg1
soep-core,soep-core-2015-hh,48,hlkg2
soep-core,soep-core-2015-hh,48,hlkg3
soep-core,soep-core-2015-hh,48,hdkg1
soep-core,soep-core-2015-hh,48,hdkg2
soep-core,soep-core-2015-hh,48,hdkg3
soep-core,soep-core-2015-hh,48,hlkz1
soep-core,soep-core-2015-hh,48,hlkz2
soep-core,soep-core-2015-hh,48,hlkz3
soep-core,soep-core-2015-hh,48,hdkz1
soep-core,soep-core-2015-hh,48,hdkz2
soep-core,soep-core-2015-hh,48,hlbg1
soep-core,soep-core-2015-hh,48,hlbg2
soep-core,soep-core-2015-hh,48,hlbg3
soep-core,soep-core-2015-hh,48,hdbg1
soep-core,soep-core-2015-hh,48,hdbg2
soep-core,soep-core-2015-hh,48,hlag1
soep-core,soep-core-2015-hh,48,hlag2
soep-core,soep-core-2015-hh,48,hlag3
soep-core,soep-core-2015-hh,48,hdag1
soep-core,soep-core-2015-hh,48,hdag2
soep-core,soep-core-2015-hh,48,hlpg1
soep-core,soep-core-2015-hh,48,hlpg2
soep-core,soep-core-2015-hh,48,hlpg3
soep-core,soep-core-2015-hh,48,hdpg1
soep-core,soep-core-2015-hh,48,hdpg2
soep-core,soep-core-2015-hh,48,hlsh1
soep-core,soep-core-2015-hh,48,hlsh2
soep-core,soep-core-2015-hh,48,hlsh3
soep-core,soep-core-2015-hh,48,hdsh1
soep-core,soep-core-2015-hh,48,hdsh2
soep-core,soep-core-2015-hh,48,hlgs1
soep-core,soep-core-2015-hh,48,hlgs2
soep-core,soep-core-2015-hh,48,hlgs3
soep-core,soep-core-2015-hh,48,hdgs1
soep-core,soep-core-2015-hh,48,hdgs2
soep-core,soep-core-2015-hh,48,hlwg1
soep-core,soep-core-2015-hh,48,hlwg2
soep-core,soep-core-2015-hh,48,hlwg3
soep-core,soep-core-2015-hh,48,hdwg1
soep-core,soep-core-2015-hh,48,hdwg2
soep-core,soep-core-2015-hh,49,hnetto
soep-core,soep-core-2015-hh,50,hspar1a
soep-core,soep-core-2015-hh,50,hspar2a
soep-core,soep-core-2015-hh,50,hspar1b
soep-core,soep-core-2015-hh,50,hspar2b
soep-core,soep-core-2015-hh,50,hspar1
soep-core,soep-core-2015-hh,51,hzahl
soep-core,soep-core-2015-hh,52,hh01
soep-core,soep-core-2015-hh,52,hh01a
soep-core,soep-core-2015-hh,52,hh12
soep-core,soep-core-2015-hh,52,hh12b
soep-core,soep-core-2015-hh,52,hh12a
soep-core,soep-core-2015-hh,52,hh13
soep-core,soep-core-2015-hh,52,hh13b
soep-core,soep-core-2015-hh,52,hh13a
soep-core,soep-core-2015-hh,52,hh11
soep-core,soep-core-2015-hh,52,hh11a
soep-core,soep-core-2015-hh,52,hh05
soep-core,soep-core-2015-hh,52,hh05a
soep-core,soep-core-2015-hh,52,hh06
soep-core,soep-core-2015-hh,52,hh06a
soep-core,soep-core-2015-hh,52,hh07
soep-core,soep-core-2015-hh,52,hh07a
soep-core,soep-core-2015-hh,52,hh08
soep-core,soep-core-2015-hh,52,hh08a
soep-core,soep-core-2015-hh,52,hh09
soep-core,soep-core-2015-hh,52,hh09a
soep-core,soep-core-2015-hh,52,hh10
soep-core,soep-core-2015-hh,52,hh10a
soep-core,soep-core-2015-hh,52,hh04
soep-core,soep-core-2015-hh,52,hh04a
soep-core,soep-core-2015-hh,53,hkfz
soep-core,soep-core-2015-hh,53,hkfzn
soep-core,soep-core-2015-hh,54,hkfz1
soep-core,soep-core-2015-hh,54,hkfz2
soep-core,soep-core-2015-hh,54,hkfz3
soep-core,soep-core-2015-hh,54,hkfz4
soep-core,soep-core-2015-hh,55,hkrst11
soep-core,soep-core-2015-hh,55,hkrst21
soep-core,soep-core-2015-hh,55,hkrst31
soep-core,soep-core-2015-hh,55,hkrst41
soep-core,soep-core-2015-hh,55,hkrst1m
soep-core,soep-core-2015-hh,55,hkrst1j
soep-core,soep-core-2015-hh,55,hkrst12
soep-core,soep-core-2015-hh,55,hkrst22
soep-core,soep-core-2015-hh,55,hkrst32
soep-core,soep-core-2015-hh,55,hkrst42
soep-core,soep-core-2015-hh,55,hkrst2m
soep-core,soep-core-2015-hh,55,hkrst2j
soep-core,soep-core-2015-hh,55,hkrst13
soep-core,soep-core-2015-hh,55,hkrst23
soep-core,soep-core-2015-hh,55,hkrst33
soep-core,soep-core-2015-hh,55,hkrst43
soep-core,soep-core-2015-hh,55,hkrst3m
soep-core,soep-core-2015-hh,55,hkrst3j
soep-core,soep-core-2015-hh,55,hkrst14
soep-core,soep-core-2015-hh,55,hkrst24
soep-core,soep-core-2015-hh,55,hkrst34
soep-core,soep-core-2015-hh,55,hkrst44
soep-core,soep-core-2015-hh,55,hkrst4m
soep-core,soep-core-2015-hh,55,hkrst4j
soep-core,soep-core-2015-hh,55,hkrst15
soep-core,soep-core-2015-hh,55,hkrst25
soep-core,soep-core-2015-hh,55,hkrst35
soep-core,soep-core-2015-hh,55,hkrst45
soep-core,soep-core-2015-hh,55,hkrst5m
soep-core,soep-core-2015-hh,55,hkrst5j
soep-core,soep-core-2015-hh,55,hkrst16
soep-core,soep-core-2015-hh,55,hkrst26
soep-core,soep-core-2015-hh,55,hkrst36
soep-core,soep-core-2015-hh,55,hkrst46
soep-core,soep-core-2015-hh,55,hkrst6m
soep-core,soep-core-2015-hh,55,hkrst6j
soep-core,soep-core-2015-hh,55,hkrst17
soep-core,soep-core-2015-hh,55,hkrst27
soep-core,soep-core-2015-hh,55,hkrst37
soep-core,soep-core-2015-hh,55,hkrst47
soep-core,soep-core-2015-hh,55,hkrst7m
soep-core,soep-core-2015-hh,55,hkrst7j
soep-core,soep-core-2015-hh,56,hbike
soep-core,soep-core-2015-hh,57,hbikeanz
soep-core,soep-core-2015-hh,58,hoekst
soep-core,soep-core-2015-hh,59,hoekstj
soep-core,soep-core-2015-hh,60,hstrw1
soep-core,soep-core-2015-hh,61,hstrw2
soep-core,soep-core-2015-hh,61,hstrwanz
soep-core,soep-core-2015-hh,61,hstrwj
soep-core,soep-core-2015-hh,62,hpfleg
soep-core,soep-core-2015-hh,63,hpnam
soep-core,soep-core-2015-hh,63,hhil1
soep-core,soep-core-2015-hh,63,hhil2
soep-core,soep-core-2015-hh,63,hhil3
soep-core,soep-core-2015-hh,63,hhil4
soep-core,soep-core-2015-hh,64,hpl
soep-core,soep-core-2015-hh,64,hpstuf
soep-core,soep-core-2015-hh,65,hpallko
soep-core,soep-core-2015-hh,66,hhvon1
soep-core,soep-core-2015-hh,66,hhvon7
soep-core,soep-core-2015-hh,66,hhvon3
soep-core,soep-core-2015-hh,66,hhvon9
soep-core,soep-core-2015-hh,66,hhvon6
soep-core,soep-core-2015-hh,66,hhvon8
soep-core,soep-core-2015-hh,66,hhnam
soep-core,soep-core-2015-hh,66,hhbez
soep-core,soep-core-2015-hh,67,hpfleg2
soep-core,soep-core-2015-hh,67,hpfleg3
soep-core,soep-core-2015-hh,68,hpfleg4
soep-core,soep-core-2015-hh,68,hpfleg5
soep-core,soep-core-2015-hh,69,hputz
soep-core,soep-core-2015-hh,69,hputz2
soep-core,soep-core-2015-hh,70,hkind
soep-core,soep-core-2015-hh,71,hknama
soep-core,soep-core-2015-hh,71,hkgeba
soep-core,soep-core-2015-hh,72,hein4a
soep-core,soep-core-2015-hh,72,hein3a
soep-core,soep-core-2015-hh,73,hein9a
soep-core,soep-core-2015-hh,74,hein7a
soep-core,soep-core-2015-hh,75,heinsa
soep-core,soep-core-2015-hh,76,hein8a
soep-core,soep-core-2015-hh,76,hein8a1
soep-core,soep-core-2015-hh,77,hein1a
soep-core,soep-core-2015-hh,77,hein1sa
soep-core,soep-core-2015-hh,78,hei12a
soep-core,soep-core-2015-hh,79,heinka
soep-core,soep-core-2015-hh,80,hei13a1
soep-core,soep-core-2015-hh,80,hei13a2
soep-core,soep-core-2015-hh,81,heinkja
soep-core,soep-core-2015-hh,82,hbet5a
soep-core,soep-core-2015-hh,82,hbet3a
soep-core,soep-core-2015-hh,82,hbet1a
soep-core,soep-core-2015-hh,82,hbet2a
soep-core,soep-core-2015-hh,82,hbet4a
soep-core,soep-core-2015-hh,83,hbet6a
soep-core,soep-core-2015-hh,83,hbet7a
soep-core,soep-core-2015-hh,84,hdatt
soep-core,soep-core-2015-hh,84,hdatm
soep-core,soep-core-2015-hh,84,hform
soep-core,soep-core-2015-hh,84,hdauer1
soep-core,soep-core-2015-hh,84,hdauer2
soep-core,soep-core-2015-hh,84,htextp
soep-core,soep-core-2015-hh,84,listnr
soep-core,soep-core-2015-hh,84,lfdnr
soep-core,soep-core-2015-hh,84,hintnr
soep-core,soep-core-2015-ll,0,hnr
soep-core,soep-core-2015-ll,0,pnr
soep-core,soep-core-2015-ll,0,name
soep-core,soep-core-2015-ll,1,lgeb
soep-core,soep-core-2015-ll,1,lgebmo
soep-core,soep-core-2015-ll,2,lgebort1
soep-core,soep-core-2015-ll,2,lgebort2
soep-core,soep-core-2015-ll,3,lgebd
soep-core,soep-core-2015-ll,3,lgebal
soep-core,soep-core-2015-ll,4,lflucht
soep-core,soep-core-2015-ll,5,lzug01
soep-core,soep-core-2015-ll,6,lzug02
soep-core,soep-core-2015-ll,6a,lzugarb
soep-core,soep-core-2015-ll,7,lstat
soep-core,soep-core-2015-ll,8,lzugw
soep-core,soep-core-2015-ll,9,lzuggr
soep-core,soep-core-2015-ll,9,lzuggrso
soep-core,soep-core-2015-ll,10,lzugunt1
soep-core,soep-core-2015-ll,10,lzugunt2
soep-core,soep-core-2015-ll,10,lzugunt3
soep-core,soep-core-2015-ll,11,lspzug1
soep-core,soep-core-2015-ll,11,lspzug2
soep-core,soep-core-2015-ll,11,lspzug3
soep-core,soep-core-2015-ll,11,lmusp2
soep-core,soep-core-2015-ll,11,lmusp3
soep-core,soep-core-2015-ll,11,lmusp6
soep-core,soep-core-2015-ll,12,lspkurs1
soep-core,soep-core-2015-ll,12,lspkurs2
soep-core,soep-core-2015-ll,12,lspkurs3
soep-core,soep-core-2015-ll,13,l1erw1
soep-core,soep-core-2015-ll,13,l1erw2
soep-core,soep-core-2015-ll,14,lsta3
soep-core,soep-core-2015-ll,15,lsta4
soep-core,soep-core-2015-ll,15,lsta4x
soep-core,soep-core-2015-ll,16,lsta5
soep-core,soep-core-2015-ll,17,lsta5x
soep-core,soep-core-2015-ll,18,lsta6
soep-core,soep-core-2015-ll,19,lnat
soep-core,soep-core-2015-ll,20,lwied
soep-core,soep-core-2015-ll,21,lwohnj
soep-core,soep-core-2015-ll,22,l2wohna
soep-core,soep-core-2015-ll,22,l2wohnb
soep-core,soep-core-2015-ll,22,l2wohnc
soep-core,soep-core-2015-ll,22,l2wohn3
soep-core,soep-core-2015-ll,23,lkh01
soep-core,soep-core-2015-ll,24,lkh02
soep-core,soep-core-2015-ll,25,lkh03
soep-core,soep-core-2015-ll,25,lkh04
soep-core,soep-core-2015-ll,25,lkh05
soep-core,soep-core-2015-ll,25,lkh06
soep-core,soep-core-2015-ll,25,lkh07
soep-core,soep-core-2015-ll,25,lkh08
soep-core,soep-core-2015-ll,25,lkh09
soep-core,soep-core-2015-ll,25,lkh10
soep-core,soep-core-2015-ll,26,lvm
soep-core,soep-core-2015-ll,27,lv01
soep-core,soep-core-2015-ll,27,lv02
soep-core,soep-core-2015-ll,27,lm01
soep-core,soep-core-2015-ll,27,lm02
soep-core,soep-core-2015-ll,28,lv03
soep-core,soep-core-2015-ll,28,lm03
soep-core,soep-core-2015-ll,29,lv03a
soep-core,soep-core-2015-ll,29,lv03b
soep-core,soep-core-2015-ll,29,lm03a
soep-core,soep-core-2015-ll,29,lm03b
soep-core,soep-core-2015-ll,30,lv04
soep-core,soep-core-2015-ll,30,lm04
soep-core,soep-core-2015-ll,31,lv05
soep-core,soep-core-2015-ll,31,lm05
soep-core,soep-core-2015-ll,32,lv06
soep-core,soep-core-2015-ll,32,lm06
soep-core,soep-core-2015-ll,33,lv07
soep-core,soep-core-2015-ll,33,lm07
soep-core,soep-core-2015-ll,34,lv08
soep-core,soep-core-2015-ll,34,lv09
soep-core,soep-core-2015-ll,34,lv10
soep-core,soep-core-2015-ll,34,lv11
soep-core,soep-core-2015-ll,34,lv12
soep-core,soep-core-2015-ll,34,lm08
soep-core,soep-core-2015-ll,34,lm09
soep-core,soep-core-2015-ll,34,lm10
soep-core,soep-core-2015-ll,34,lm11
soep-core,soep-core-2015-ll,34,lm12
soep-core,soep-core-2015-ll,35,lv13
soep-core,soep-core-2015-ll,35,lm13
soep-core,soep-core-2015-ll,36,lkein
soep-core,soep-core-2015-ll,37,lkeinj
soep-core,soep-core-2015-ll,37,lkeinka
soep-core,soep-core-2015-ll,38,lleist
soep-core,soep-core-2015-ll,39,lsch1
soep-core,soep-core-2015-ll,39,lsch2
soep-core,soep-core-2015-ll,39,lsch3
soep-core,soep-core-2015-ll,40,lstrv
soep-core,soep-core-2015-ll,40,lstrm
soep-core,soep-core-2015-ll,41,lmusi
soep-core,soep-core-2015-ll,42,lsp1
soep-core,soep-core-2015-ll,43,lsp2
soep-core,soep-core-2015-ll,44,lsp3
soep-core,soep-core-2015-ll,45,lj01
soep-core,soep-core-2015-ll,45,lj02
soep-core,soep-core-2015-ll,45,lj03
soep-core,soep-core-2015-ll,45,lj04
soep-core,soep-core-2015-ll,45,lj05
soep-core,soep-core-2015-ll,45,lj06
soep-core,soep-core-2015-ll,45,lj07
soep-core,soep-core-2015-ll,45,lj08
soep-core,soep-core-2015-ll,45,lj09
soep-core,soep-core-2015-ll,45,lj10
soep-core,soep-core-2015-ll,45,lj11
soep-core,soep-core-2015-ll,45,lkal1
soep-core,soep-core-2015-ll,45,lkal2
soep-core,soep-core-2015-ll,45,lkal3
soep-core,soep-core-2015-ll,45,lkal4
soep-core,soep-core-2015-ll,45,lkal5
soep-core,soep-core-2015-ll,45,lkal6
soep-core,soep-core-2015-ll,45,lkal7
soep-core,soep-core-2015-ll,45,lkal8
soep-core,soep-core-2015-ll,45,lkal9
soep-core,soep-core-2015-ll,46,lsab1
soep-core,soep-core-2015-ll,46,lsab2
soep-core,soep-core-2015-ll,47,lsab3
soep-core,soep-core-2015-ll,48,lsab4
soep-core,soep-core-2015-ll,49,lsab5
soep-core,soep-core-2015-ll,50,lsab6
soep-core,soep-core-2015-ll,51,lsab7
soep-core,soep-core-2015-ll,51,lsab8
soep-core,soep-core-2015-ll,51,lsab9
soep-core,soep-core-2015-ll,52,lsab10
soep-core,soep-core-2015-ll,53,lsab11
soep-core,soep-core-2015-ll,54,lsab12
soep-core,soep-core-2015-ll,55,lab01
soep-core,soep-core-2015-ll,56,lab02
soep-core,soep-core-2015-ll,56,lab03
soep-core,soep-core-2015-ll,56,lab04
soep-core,soep-core-2015-ll,56,lab05
soep-core,soep-core-2015-ll,56,lab06
soep-core,soep-core-2015-ll,56,lab07
soep-core,soep-core-2015-ll,56,lab40
soep-core,soep-core-2015-ll,56,lab08
soep-core,soep-core-2015-ll,56,lab02j
soep-core,soep-core-2015-ll,56,lab03j
soep-core,soep-core-2015-ll,56,lab04j
soep-core,soep-core-2015-ll,56,lab05j
soep-core,soep-core-2015-ll,56,lab06j
soep-core,soep-core-2015-ll,56,lab07j
soep-core,soep-core-2015-ll,56,lab40j
soep-core,soep-core-2015-ll,56,lab08j
soep-core,soep-core-2015-ll,56,lab02x
soep-core,soep-core-2015-ll,56,lab03x
soep-core,soep-core-2015-ll,56,lab04x
soep-core,soep-core-2015-ll,56,lab05x1
soep-core,soep-core-2015-ll,56,lab05x2
soep-core,soep-core-2015-ll,56,lab06x1
soep-core,soep-core-2015-ll,56,lab06x2
soep-core,soep-core-2015-ll,56,lab07x1
soep-core,soep-core-2015-ll,56,lab07x2
soep-core,soep-core-2015-ll,56,lab40x1
soep-core,soep-core-2015-ll,56,lab40x2
soep-core,soep-core-2015-ll,56,lab08x
soep-core,soep-core-2015-ll,57,lab10
soep-core,soep-core-2015-ll,58,lab11
soep-core,soep-core-2015-ll,58,lab12
soep-core,soep-core-2015-ll,58,lab13
soep-core,soep-core-2015-ll,58,lab14
soep-core,soep-core-2015-ll,58,lab15
soep-core,soep-core-2015-ll,59,lab16
soep-core,soep-core-2015-ll,60,lab17
soep-core,soep-core-2015-ll,61,laner
soep-core,soep-core-2015-ll,61,lanerab
soep-core,soep-core-2015-ll,61,11
soep-core,soep-core-2015-ll,61,lanerm
soep-core,soep-core-2015-ll,61,lanerj
soep-core,soep-core-2015-ll,61,lanerno
soep-core,soep-core-2015-ll,62,lab19
soep-core,soep-core-2015-ll,62,lab20
soep-core,soep-core-2015-ll,62,lab21
soep-core,soep-core-2015-ll,62,lab22
soep-core,soep-core-2015-ll,62,lab23
soep-core,soep-core-2015-ll,62,lab24
soep-core,soep-core-2015-ll,62,lab25
soep-core,soep-core-2015-ll,62,lab26
soep-core,soep-core-2015-ll,63,l1erw
soep-core,soep-core-2015-ll,63,l1no
soep-core,soep-core-2015-ll,64,l1erwt
soep-core,soep-core-2015-ll,65,l1erwst
soep-core,soep-core-2015-ll,66,l1erwag
soep-core,soep-core-2015-ll,67,l1arb
soep-core,soep-core-2015-ll,67,l1sst1
soep-core,soep-core-2015-ll,67,l1sst2
soep-core,soep-core-2015-ll,67,l1sst3
soep-core,soep-core-2015-ll,67,l1sst4
soep-core,soep-core-2015-ll,67,l1ang
soep-core,soep-core-2015-ll,67,l1amt
soep-core,soep-core-2015-ll,68,l1ber
soep-core,soep-core-2015-ll,69,l1aus
soep-core,soep-core-2015-ll,70,l1oed
soep-core,soep-core-2015-ll,71,l1bra
soep-core,soep-core-2015-ll,72,lwexl1
soep-core,soep-core-2015-ll,72,lwexl2
soep-core,soep-core-2015-ll,73,lerw
soep-core,soep-core-2015-ll,74,lend
soep-core,soep-core-2015-ll,75,lstd
soep-core,soep-core-2015-ll,76,loed
soep-core,soep-core-2015-ll,77,lbra
soep-core,soep-core-2015-ll,78,larb
soep-core,soep-core-2015-ll,78,lsst1
soep-core,soep-core-2015-ll,78,lsst2
soep-core,soep-core-2015-ll,78,lsst3
soep-core,soep-core-2015-ll,78,lsst4
soep-core,soep-core-2015-ll,78,lazubi
soep-core,soep-core-2015-ll,78,lang
soep-core,soep-core-2015-ll,78,lamt
soep-core,soep-core-2015-ll,79,lfsj
soep-core,soep-core-2015-ll,79,lfrei1
soep-core,soep-core-2015-ll,79,lfrei2
soep-core,soep-core-2015-ll,79,lfreino
soep-core,soep-core-2015-ll,79,lfrei1mo
soep-core,soep-core-2015-ll,79,lfrei2mo
soep-core,soep-core-2015-ll,80,lwehr2
soep-core,soep-core-2015-ll,80,lwehr3
soep-core,soep-core-2015-ll,81,lbsanz
soep-core,soep-core-2015-ll,81,lbsno
soep-core,soep-core-2015-ll,81,lbsj1
soep-core,soep-core-2015-ll,81,lbsmo1
soep-core,soep-core-2015-ll,81,lbssex1
soep-core,soep-core-2015-ll,81,lbsart1
soep-core,soep-core-2015-ll,81,lbs15j1
soep-core,soep-core-2015-ll,81,lbs15n1
soep-core,soep-core-2015-ll,82,lkind
soep-core,soep-core-2015-ll,82,lkno
soep-core,soep-core-2015-ll,82,lkgeb1
soep-core,soep-core-2015-ll,82,lksex1
soep-core,soep-core-2015-ll,82,lkwo1
soep-core,soep-core-2015-ll,83,lp1a
soep-core,soep-core-2015-ll,83,lpja
soep-core,soep-core-2015-ll,83,lp2a
soep-core,soep-core-2015-ll,83,lpleb1a
soep-core,soep-core-2015-ll,83,lpleb5a
soep-core,soep-core-2015-ll,83,lpleb3a
soep-core,soep-core-2015-ll,83,lehea
soep-core,soep-core-2015-ll,83,lehe1a
soep-core,soep-core-2015-ll,83,lehe2a
soep-core,soep-core-2015-ll,83,lehe3a
soep-core,soep-core-2015-ll,83,lp1b
soep-core,soep-core-2015-ll,83,lpjb
soep-core,soep-core-2015-ll,83,lpend1b
soep-core,soep-core-2015-ll,83,lpend2b
soep-core,soep-core-2015-ll,83,lp2b
soep-core,soep-core-2015-ll,83,lpleb1b
soep-core,soep-core-2015-ll,83,lpleb5b
soep-core,soep-core-2015-ll,83,lpleb3b
soep-core,soep-core-2015-ll,83,leheb
soep-core,soep-core-2015-ll,83,lehe1b
soep-core,soep-core-2015-ll,83,lehe2b
soep-core,soep-core-2015-ll,83,lehe3b
soep-core,soep-core-2015-ll,83,lp1c
soep-core,soep-core-2015-ll,83,lpjc
soep-core,soep-core-2015-ll,83,lpend1c
soep-core,soep-core-2015-ll,83,lpend2c
soep-core,soep-core-2015-ll,83,lp2c
soep-core,soep-core-2015-ll,83,lpleb1c
soep-core,soep-core-2015-ll,83,lpleb5c
soep-core,soep-core-2015-ll,83,lpleb3c
soep-core,soep-core-2015-ll,83,lehec
soep-core,soep-core-2015-ll,83,lehe1c
soep-core,soep-core-2015-ll,83,lehe2c
soep-core,soep-core-2015-ll,83,lehe3c
soep-core,soep-core-2015-ll,83,lp1d
soep-core,soep-core-2015-ll,83,lpjd
soep-core,soep-core-2015-ll,83,lpend1d
soep-core,soep-core-2015-ll,83,lpend2d
soep-core,soep-core-2015-ll,83,lp2d
soep-core,soep-core-2015-ll,83,lpleb1d
soep-core,soep-core-2015-ll,83,lpleb5d
soep-core,soep-core-2015-ll,83,lpleb3d
soep-core,soep-core-2015-ll,83,lehed
soep-core,soep-core-2015-ll,83,lehe1d
soep-core,soep-core-2015-ll,83,lehe2d
soep-core,soep-core-2015-ll,83,lehe3d
soep-core,soep-core-2015-ll,A,ldatt
soep-core,soep-core-2015-ll,A,ldatm
soep-core,soep-core-2015-ll,A,ldatst
soep-core,soep-core-2015-ll,A,ldatmi
soep-core,soep-core-2015-ll,B,lform
soep-core,soep-core-2015-ll,C,ldauer1
soep-core,soep-core-2015-ll,C,ldauer2
soep-core,soep-core-2015-ll,D,ltext
soep-core,soep-core-2015-ll,INT,listnr
soep-core,soep-core-2015-ll,INT,lfdnr
soep-core,soep-core-2015-ll,INT,lintnr
